film,Year released,bond actor,adjusted worldwide gross ($k),adjusted budget ($k),average rating /10,bond kills,others kill
Dr.No,1962,Sean Connery,457928,7688,7.5,4,8
From Russia With Love,1963,Sean Connery,598624,15174,7.75,11,16
Goldfinger,1964,Sean Connery,935404,22468,8.1,9,68
Diamonds Are Forever,1971,Sean Connery,664969,41274,6.5,7,42
On Her Majestys Secret Service,1969,George Lazenby,518736,50608,6.75,5,37
Live and Let Die,1973,Roger Moore,846046,36603,6.35,8,5
The Man With The Golden Gun,1974,Roger Moore,459623,32603,5.9,1,5
Moonraker,1979,Roger Moore,672514,99134,5.95,12,69
For Your Eyes Only,1981,Roger Moore,498812,71514,6.55,18,36
Octcopussy,1983,Roger Moore,437059,64102,5.9,15,43
A View to a Kill,1985,Roger Moore,329322,64730,5.45,5,57
The Living Daylights,1987,Timothy Dalton,390758,81749,6.5,13,29
License to Kill,1989,Timothy Dalton,292392,78637,6.25,10,13
Goldeneye,1995,Pierce Brosnan,542985,91404,7.05,47,25
Tomorrow Never Dies,1997,Pierce Brosnan,491098,159117,6.2,30,24
The World is Not Enough,1999,Pierce Brosnan,504091,188130,6,27,43
Die Another Day,2002,Pierce Brosnan,557433,183255,6.05,31,20
Casino Royale,2006,Daniel Craig,686784,117465,7.85,11,11
Quantum of Solace,2008,Daniel Craig,638035,248014,6.4,16,15
